{
  "date": "2025-05-12T22:18:17.081Z",
  "title": "Tendência Inverno 2025",
  "thumbnail": "/img/uploads/sas-premium-1080-x-1350-px-.png",
  "description": "Marrom é o Novo Preto: A Elegância Terrosa que Domina o Inverno 2025",
  "body": "Se tem uma cor que promete aquecer – literalmente e estilisticamente – o guarda-roupa das fashionistas neste inverno 2024, é o marrom. Antes visto como uma tonalidade discreta e até mesmo sem graça, ele ressurge com força total, provando que sofisticação também mora nos tons terrosos."
}