{
  "assetsByChunkName": {
    "vendors~app-account~app-confirmation~app-order": "chunk.cd4fb99c54df377a11ac.js",
    "vendors~app-account~app-checkout": "chunk.9dee4a0c7eb441f80bb3.js",
    "vendors~app-cart~app-checkout": "chunk.340498c3daf4c541eae7.js",
    "admin": [
      "admin.e29c31772f555e12eb28.js",
      "admin.e29c31772f555e12eb28.js.map"
    ],
    "app-account": "chunk.8d799f182b5aea367693.js",
    "app-checkout": "chunk.e5b793d139222b5cad1e.js",
    "app-confirmation": "chunk.1610936d24d662919386.js",
    "checkout": [
      "checkout.8c117b8ccc8fb7c4fbee.js",
      "checkout.8c117b8ccc8fb7c4fbee.js.map"
    ],
    "storefront": [
      "storefront.ca1700722dd10b98d572.css",
      "storefront.fc756a42df14a3cb924d.js",
      "storefront.ca1700722dd10b98d572.css.map",
      "storefront.fc756a42df14a3cb924d.js.map"
    ],
    "vendors~app-cart": "chunk.5e1cfa0a6c0efa0b7b1b.js",
    "vendors~app-order": "chunk.50cb435ce10a60b668e6.js"
  }
}