{
  "title": "Contato",
  "meta_title": "Contato",
  "meta_description": "Contato",
  "body": "<div class=\"col-12\"><div class=\"sidebar\"><ul class=\"list-group sidebar-menu\"><li class=\"list-group-item clearfix\"><a href=\"index\"><i class=\"fa fa-angle-right\"></i>Início</a></li><li class=\"list-group-item clearfix\"><a href=\"pagina/duvidas\"><i class=\"fa fa-angle-right\"></i>Dúvidas frequentes</a></li><li class=\"list-group-item clearfix\"><a href=\"pagina/pagamento\"><i class=\"fa fa-angle-right\"></i>Formas de pagamento</a></li><li class=\"list-group-item clearfix\"><a href=\"pagina/por-que-comprar-com-a-gente\"><i class=\"fa fa-angle-right\"></i>Por que comprar com a gente?</a></li><li class=\"list-group-item clearfix\"><a href=\"pagina/sobre\"><i class=\"fa fa-angle-right\"></i>Sobre nós</a></li><li class=\"list-group-item clearfix\"><a href=\"pagina/trocas\"><i class=\"fa fa-angle-right\"></i>Trocas e devoluções</a></li></ul></div><div class=\"style-text\" id=\"contato_resumo\"><h2>Contato</h2><h5><i class=\"fa fa-whatsapp\"></i>&nbsp;(11) 97832-7918<br><i class=\"fa fa-envelope\"></i>&nbsp;<a href=\"mailto:contato@sapoverdemodafeminina.com.br\" target=\"_blank\">contato@sapoverdemodafeminina.com.br</a></h5></div><div class=\"style-text\"><h2>Endereço</h2><h5><div id=\"endereco_rua\">Rua Tiers, 184 - Pari</div>São Paulo, SP<div id=\"endereco_gmaps\"><i class=\"fa fa-map-marker\"></i>&nbsp;<a href=\"https://www.google.com.br/maps?q=Rua Tiers, 184 - SP, São Paulo, SP\"> Ver no mapa </a></div></h5></div></div>",
  "sections": []
}