{
  "categories_list": {
    "featured": [],
    "random": 6,
    "full_width": true
  },
  "menu_all_departments": false,
  "centralized_logo": true,
  "marketing_stripe": {
    "text": "Moda Feminina EXCLUSIVA do P ao G4",
    "link": "",
    "background": "#57a66c",
    "color": "#ffffff"
  },
  "alphabetical_order_submenu": false,
  "name_all_departments": "",
  "search_input": true,
  "desktop_megamenu": true,
  "full_width_submenu": false,
  "contacts_stripe": {
    "pages": [
      {
        "title": "Sobre nós",
        "link": "https://sapoverdemodafeminina.com.br/pages/sobre-nos"
      }
    ],
    "phone_wpp": true,
    "socials": true
  }
}