{
  "meta_title": "",
  "meta_description": "",
  "sections": [
    {
      "type": "banner-slider",
      "autoplay": 8000,
      "full_width": true,
      "slides": [
        {
          "start": "",
          "end": "",
          "img": "/img/uploads/banner-sol-1.jpg"
        },
        {
          "start": "",
          "end": "",
          "img": "/img/uploads/banner-candy.jpg"
        }
      ]
    },
    {
      "autoplay": 0,
      "page": 1,
      "title": "Uma Seleção Incrível do P ao GG",
      "shuffle": false,
      "headless": false,
      "type": "collection-shelf",
      "limit": 12,
      "collection_id": "6601799608d55b3b783fec52:categories:P ao GG:/paogg",
      "sort": "news"
    },
    {
      "type": "collection-shelf",
      "shuffle": false,
      "limit": 12,
      "page": 1,
      "collection_id": "6601797f08d55b3b783febcb:categories:G1 ao G4:/plussize",
      "sort": "news",
      "title": "Moda Plus Size para Brilhar Todos os Dias"
    },
    {
      "type": "info-bar",
      "enabled": true
    },
    {
      "type": "banners-grid",
      "banners": [
        {
          "img": "/img/uploads/banner-p-ao-gg.jpg",
          "link": "https://sapoverdemodafeminina.com.br/paogg"
        },
        {
          "img": "/img/uploads/banner-sv-1-.jpg",
          "link": "https://sapoverdemodafeminina.com.br/plussize"
        },
        {
          "img": "/img/uploads/banner-sv-2-conj.png",
          "link": "https://sapoverdemodafeminina.com.br/conjuntos"
        }
      ]
    }
  ]
}